section,metric,value
speed,photos,40933
speed,photos_ok,40933
speed,photos_with_mask,38273
speed,segments_total,126653
speed,loop_s,1545.33
speed,images_per_s,26.488193460296507
speed,images_per_hour,95357.49645706742
speed,segments_per_s,81.95854607106573
speed,avg_s_per_image_wall,0.03775266899567586
speed,avg_s_per_image_processing,0.18301172647985733
speed,median_s_per_image_processing,0.056
speed,avg_gpu_s_per_image,0.02043044243031295
speed,avg_download_s_per_image,0.01862292526812108
speed,avg_wait_s_per_image,1.4633669655290353e-06
speed,avg_save_s_per_image,0.1501404905577407
speed,avg_s_per_segment_per_image,0.07325290540272669
speed,median_s_per_segment_per_image,0.036
speed,avg_gpu_s_per_segment_per_image,0.012131080240780332
speed,avg_save_s_per_segment_per_image,0.05405901969051105
speed,wall_s_per_segment,0.012201290139199229
masks,source,csv mask_bytes
masks,mask_files,126653
masks,total_bytes,23076488526
masks,total_mb,23076.488526
masks,total_gb,23.076488526
masks,total_gib,21.49165470711887
masks,avg_mb_per_mask,0.18220246283941163
masks,median_mb_per_mask,0.187628
masks,p95_mb_per_mask,0.207628
masks,max_mb_per_mask,0.250128
masks,avg_mb_per_detected_photo,0.6029443348052151
masks,avg_mb_per_photo_ok,0.5637624539124911
masks,disk_mask_files,126653
masks,disk_total_bytes,23076488526
masks,disk_total_gb,23.076488526
masks,disk_total_gib,21.49165470711887
run,run,62741_flower
setup,shards,1
setup,hosts,"[""c0909a-s5.ufhpc""]"
setup,gpus.NVIDIA B200,1
setup,distinct_gpu_uuids,1
setup,workers,16
setup,batch_size,32
setup,save_workers,10
setup,bf16,True
setup,max_seconds,
setup,stopped_early,False
setup,discard_outputs,False
setup,slurm_jobs,[]
setup,resumed_photos,0
setup,local_images,True
throughput,photos,40933
throughput,wall_clock_s,1559.9800910949707
throughput,concurrency,1.0
throughput,aggregate_photos_per_s,26.23943743491533
throughput,per_gpu_photos_per_s_loop,26.488193460296507
throughput,per_gpu_photos_per_s_median,26.488193460296507
throughput,per_gpu_photos_per_s_min,26.488193460296507
throughput,per_gpu_photos_per_s_max,26.488193460296507
throughput,model_load_s_mean,12.97
throughput,gpu_hours_loop,0.4292583333333333
throughput,gpu_hours_busy,0.23229980555555554
throughput,gpu_hours_allocated,0.44666666666666666
throughput,busy_pct_of_loop,54.116551157357975
throughput,busy_pct_of_allocated,52.00741915422885
throughput,startup_overhead_pct,3.897388059701497
throughput,gpu_util_nvidia_smi_mean,47.26959247648903
throughput,gpu_mem_peak_gb,26.27734375
throughput,power_mean_w,607.5821943573669
throughput,max_rss_gb,
throughput,cpu_util_pct_mean,0.0
throughput,sacct_available,True
stages,wait_s.mean,1.4633669655290353e-06
stages,wait_s.median,0.0
stages,wait_s.p90,0.0
stages,wait_s.p99,0.0
stages,wait_s.max,0.0215
stages,wait_s.total_h,1.663888888888889e-05
stages,wait_s.share_pct,0.0007996113061407733
stages,prep_s.mean,0.01110170278259595
stages,prep_s.median,0.0107
stages,prep_s.p90,0.0128
stages,prep_s.p99,0.02
stages,prep_s.max,0.0289
stages,prep_s.total_h,0.12622944444444445
stages,prep_s.share_pct,6.066179756332671
stages,infer_s.mean,0.02043044243031295
stages,infer_s.median,0.02
stages,infer_s.p90,0.0213
stages,infer_s.p99,0.0247
stages,infer_s.max,0.1397
stages,infer_s.total_h,0.23229980555555554
stages,infer_s.share_pct,11.163579021226903
stages,post_s.mean,0.0013356900300491045
stages,post_s.median,0.0008
stages,post_s.p90,0.0028
stages,post_s.p99,0.0065
stages,post_s.max,0.2028
stages,post_s.total_h,0.015187166666666667
stages,post_s.share_pct,0.7298462208627614
stages,save_s.mean,0.1501404905577407
stages,save_s.median,0.024
stages,save_s.p90,0.3767800000000003
stages,save_s.p99,2.1230520000000004
stages,save_s.max,9.6163
stages,save_s.total_h,1.7071390833333335
stages,save_s.share_pct,82.03959539027153
stages,seconds.mean,0.18301172647985733
stages,seconds.median,0.056
stages,seconds.p90,0.411
stages,seconds.p99,2.1690400000000007
stages,seconds.max,9.655
stages,seconds.total_h,2.0808941666666665
stages,seconds.share_pct,
reads,source,"disk (/blue, in place)"
reads,file_mb_median,0.040938
reads,file_mb_p95,0.08390320000000001
reads,total_gb,1.850449968
reads,read_s_median,0.0161
reads,read_s_p95,0.0342
reads,read_s_max,0.2293
reads,read_mb_s_median,2.5171597633136096
reads,megapixels_median,0.1875
reads,megapixels_p95,0.2165
reads,long_side_px_median,500.0
detections,photos_ok,40933
detections,photos_with_mask,38273
detections,detection_rate_pct,93.50157574573082
detections,masks_total,126653
detections,masks_per_photo_mean,3.094153861187795
detections,masks_per_detected_photo_mean,3.309199696914274
detections,masks_per_photo_max,37
detections,masks_histogram,"{""0"": 2660, ""1"": 16153, ""2"": 6624, ""3"": 4142, ""4"": 2730, ""5"": 1858, ""6+"": 6766}"
detections,score_all_median,0.9531
detections,score_all_p10,0.9141
detections,score_all_p90,0.9805
detections,score_top_median,0.9766
detections,score_top_p10,0.9492
detections,score_top_below_0_5_pct,0.0
detections,taxa,15
detections,top_taxa,"[{""taxon"": ""Rudbeckia hirta"", ""photos"": 40906, ""rate_pct"": 93.50462034909303}, {""taxon"": ""Rudbeckia fulgida"", ""photos"": 8, ""rate_pct"": 100.0}, {""taxon"": ""Rudbeckia hirta hirta"", ""photos"": 3, ""rate_pct"": 100.0}, {""taxon"": ""Rudbeckia triloba"", ""photos"": 3, ""rate_pct"": 100.0}, {""taxon"": ""Rudbeckia hirta angustifolia"", ""photos"": 2, ""rate_pct"": 100.0}, {""taxon"": ""Daucus carota"", ""photos"": 2, ""rate_pct"": 50.0}, {""taxon"": ""Coreopsis tripteris"", ""photos"": 1, ""rate_pct"": 0.0}, {""taxon"": ""Leucanthemum vulgare"", ""photos"": 1, ""rate_pct"": 100.0}, {""taxon"": ""Gaillardia pulchella"", ""photos"": 1, ""rate_pct"": 100.0}, {""taxon"": ""Euphorbia corollata"", ""photos"": 1, ""rate_pct"": 100.0}]"
detections,by_quality_grade.nan.photos,40933
detections,by_quality_grade.nan.rate_pct,93.50157574573082
storage,written_gb,23.076488526
storage,written_mb_per_photo,0.5637624539124911
storage,written_mb_per_detected_photo,0.6029443348052151
storage,includes_source_image,False
projection,photos,2849542
projection,per_gpu_photos_per_s,26.488193460296507
projection,gpu_hours_loop,29.882726643132273
projection,gpu_hours_allocated_est,31.0946040277201
projection,wall_clock_h.5,5.976545328626455
projection,wall_clock_h.20,1.4941363321566137
projection,wall_clock_h.60,0.4980454440522045
projection,storage_tb,1.6064647904467078
projection,expected_masks,8816921.381916791
